time,total_precipitation,volumetric_soil_water_layer_1,volumetric_soil_water_layer_2,2m_temperature,surface_solar_radiation_downwards,evaporation,specific_humidity,level,LAI
2011-01-02,0.000660484875,0.42409845,0.41599473,274.88965,169203.65999999997,-3.2840983500000004e-05,0.0035898046500000003,1000.0,0.72352463
2011-01-09,1.1548246813571429e-05,0.40234464571428574,0.40435301285714287,274.07292,412981.97857142857,-2.5264959714285714e-05,0.0034729713285714284,1000.0,0.75380445
2011-01-23,2.2867433954285715e-07,0.37977269714285716,0.38195844285714287,279.3174814285714,483867.14,-3.4026018e-05,0.004859561557142857,1000.0,0.80208206
2011-01-30,7.374789565385713e-05,0.35852276428571433,0.36596565285714283,278.7474542857143,494209.21571428573,-3.5402780428571435e-05,0.0046487831,1000.0,0.8361075
2011-02-06,4.060975946414286e-06,0.3651622371428571,0.36372731714285716,278.10452142857145,565836.4428571428,-4.362801557142857e-05,0.003876697342857143,1000.0,0.86926866
2011-02-13,2.563894957e-07,0.3180410657142857,0.3382687957142857,279.2151714285714,636553.76,-4.956563957142857e-05,0.0034365285142857146,1000.0,0.8970493
2011-02-20,0.0005581946581428571,0.35550863857142856,0.35092117142857143,277.8002571428571,414617.8085714286,-4.2825176857142854e-05,0.004259398542857143,1000.0,0.9132576
2011-02-27,0.00019510002678571432,0.3707081657142857,0.37371632857142856,274.4412185714286,595347.5142857142,-4.1787558428571435e-05,0.0031835769857142854,1000.0,0.93285096
2011-03-06,0.00015395635584,0.3684587757142857,0.36599154142857143,279.23999142857144,629801.3099999999,-4.8349129714285714e-05,0.0042826317,1000.0,0.95602095
2011-03-20,0.0005995830204285714,0.38254713999999995,0.37115171142857145,280.42827714285716,556698.1242857144,-5.926263285714285e-05,0.0050371616,1000.0,0.99136835
2011-03-27,0.0005018933985714286,0.4265766871428571,0.41855403,278.1619842857143,527009.2257142857,-5.7058266714285716e-05,0.0044773462714285716,1000.0,1.0456915
2011-04-03,1.5287008159042856e-05,0.39420683714285715,0.40327248714285713,284.2298257142857,937712.7357142858,-8.63627997142857e-05,0.005891325885714285,1000.0,1.118132
2011-04-10,7.123329064072857e-05,0.3443241157142857,0.36372747714285714,280.6761914285714,965982.6214285714,-8.750291199999999e-05,0.004057350914285714,1000.0,1.1504815
2011-04-17,1.1837930452857142e-05,0.3134409957142857,0.3384146214285714,282.7370371428571,993445.1057142857,-7.759781285714285e-05,0.004882008142857143,1000.0,1.1657575
2011-04-24,0.00013973441042857142,0.30143496857142854,0.3257602314285714,284.59050142857143,757972.9771428572,-6.444753785714286e-05,0.005815415757142857,1000.0,1.1622286
2011-05-01,1.9994708126428573e-05,0.2831418885714286,0.31465084,283.4221242857143,1107435.342857143,-7.767598228571428e-05,0.0036472232000000003,1000.0,1.1512246
2011-05-15,7.806173550357143e-05,0.22843164285714287,0.2835073657142857,285.64978857142853,1119729.6857142856,-6.802404328571428e-05,0.004402117228571429,1000.0,1.141904
2011-05-22,0.0001248049003,0.2907247614285714,0.29744128857142854,284.1890528571429,997011.6971428571,-8.076224585714286e-05,0.004900361214285714,1000.0,1.1485727
2011-05-29,8.938907357142858e-05,0.24723909142857142,0.2913141957142857,284.84208,1076209.9857142859,-6.330846942857142e-05,0.004703578842857143,1000.0,1.1715971
2011-06-05,0.00013205227265714286,0.2644517985714286,0.28799131714285714,284.71556571428573,941605.6757142858,-6.979845757142858e-05,0.004899671585714286,1000.0,1.2179178
2011-06-12,8.797471385799998e-05,0.29967186,0.3013245628571429,288.83463571428575,1143315.6142857142,-0.00010624055000000001,0.006555454471428571,1000.0,1.2694879
2011-06-19,4.742192048571429e-07,0.20523939428571428,0.2755001557142857,293.57483142857143,1283421.2714285715,-8.419820285714285e-05,0.0063293983,1000.0,1.3311862
2011-06-26,2.0861626140000002e-07,0.1801267914285714,0.2636580628571429,296.1050142857143,1320573.9428571428,-8.518486257142857e-05,0.005710416071428572,1000.0,1.3911334
2011-07-10,3.078380075342857e-06,0.18646433999999998,0.2596879357142857,298.36642,1272255.7285714285,-8.682487285714285e-05,0.007096145214285714,1000.0,1.4403512
2011-07-17,6.098976599142857e-06,0.17832752142857142,0.25326020857142856,292.2625428571429,1259941.0142857141,-7.172792428571429e-05,0.006490984428571428,1000.0,1.4689468
2011-07-24,4.810447228571428e-09,0.16633511285714286,0.24570061571428572,295.8558628571428,1265424.0571428572,-6.9164413e-05,0.006983870942857143,1000.0,1.4797516
2011-07-31,7.192964853585714e-06,0.15982583285714286,0.2409298857142857,297.25691428571423,1212978.3714285714,-6.9128044e-05,0.0068721456,1000.0,1.4790661
2011-08-07,1.2120456427285715e-06,0.16252985571428571,0.23934272714285715,295.9862871428572,1215269.6714285712,-7.200911428571428e-05,0.006768510314285714,1000.0,1.4676638
2011-08-14,-5.321843142857143e-10,0.15503761,0.23438876142857143,296.1691471428571,1191231.9571428571,-6.439116371428571e-05,0.005942938,1000.0,1.4501963
2011-08-21,9.521110142857145e-10,0.15224667428571428,0.23147423714285714,295.4702057142857,1169463.3714285714,-6.059304042857143e-05,0.005524083142857143,1000.0,1.4317491
2011-09-04,2.8798933285714283e-09,0.14848466142857145,0.22801163285714285,295.8144957142857,1077114.0,-5.691975057142857e-05,0.005756561842857143,1000.0,1.4090875
2011-09-11,9.024940935142856e-06,0.15116743285714285,0.23017406857142858,296.30987142857145,939968.2328571428,-5.9453365e-05,0.006215090342857143,1000.0,1.3756794
2011-09-18,1.62006082007e-05,0.17163945428571428,0.22824482000000001,292.93781714285717,905755.1214285714,-5.6849436285714286e-05,0.007506227428571428,1000.0,1.3367963
2011-09-25,3.296690578514286e-06,0.15770531285714284,0.22561706142857144,295.66922000000005,868559.1185714286,-4.940236157142858e-05,0.005889646114285714,1000.0,1.2959876
2011-10-02,2.228458065957143e-06,0.15172230571428572,0.22167064285714286,293.0925957142857,820767.1714285715,-3.733857314285714e-05,0.006988727085714286,1000.0,1.2555397
2011-10-09,0.00018739994842428573,0.2543574242857143,0.24753183857142855,284.7882771428571,667766.1271428571,-5.5662189e-05,0.005785835657142857,1000.0,1.2187504
2011-10-16,3.662534108601429e-05,0.25263386857142855,0.27517938571428574,290.37156,649395.7614285714,-5.3682821142857146e-05,0.0072242495571428565,1000.0,1.1508679
2011-10-30,3.0265918557142853e-06,0.19363074,0.25131839,285.71578857142856,631321.9514285715,-3.488422114285714e-05,0.004191839128571429,1000.0,1.0770185
2011-11-06,9.453046854142857e-05,0.19725447857142855,0.2443007442857143,281.9864042857143,542580.7971428571,-3.233466614285714e-05,0.0036846664857142857,1000.0,1.0128027
2011-11-13,3.9435758647271426e-05,0.2631560471428572,0.25144422857142856,279.1410085714286,483193.4485714286,-3.128399014285714e-05,0.0038646966142857142,1000.0,0.96507597
2011-11-20,0.00010320168793257143,0.26936048714285715,0.2644429557142857,280.61165571428575,430472.64428571425,-2.8065504428571426e-05,0.004771812671428572,1000.0,0.9359285
2011-11-27,1.4048261817714286e-05,0.29861933,0.2900940357142857,279.52322,411519.1314285714,-2.4905350428571428e-05,0.0045306232571428575,1000.0,0.9241854
2011-12-04,5.308025879428571e-07,0.2679690828571429,0.2938311242857143,279.1440414285714,451107.5857142857,-3.0175830142857143e-05,0.0029662212285714285,1000.0,0.9145676
2011-12-11,3.712817212857143e-08,0.2367631057142857,0.27607487,276.4095142857143,429986.6385714286,-1.6372184142857143e-05,0.0026664649285714284,1000.0,0.90213716
2011-12-25,1.4597649499999999e-08,0.23530912285714287,0.2623868442857143,275.7566414285714,422938.1142857143,-1.4145637071428572e-05,0.002499341357142857,1000.0,0.8901725
2012-01-01,7.105668311057144e-06,0.23768019285714287,0.26359086857142855,278.78396714285714,379361.26714285713,-1.3549056499999998e-05,0.0038055247714285714,1000.0,0.86053232
2012-01-15,-5.321843142857143e-10,0.22448668857142856,0.26042522,278.71927714285715,469804.87142857147,-1.7888526142857142e-05,0.0029566420571428575,1000.0,0.8431322
2012-01-22,0.00034095993047927143,0.2657902914285714,0.27162445142857145,276.76906,346450.59285714285,-1.8769967142857143e-05,0.0031420943714285713,1000.0,0.82050407
2012-01-29,0.00016398719670504287,0.37688289142857145,0.3365496314285714,278.80242571428573,433755.28142857144,-2.9994166857142857e-05,0.004747195157142857,1000.0,0.8163406
2012-02-05,7.175301366285714e-06,0.34424283714285714,0.3273212714285714,278.83267571428576,541300.83,-3.3381043285714285e-05,0.003956511171428571,1000.0,0.82558626
2012-02-12,3.855524499215715e-05,0.3284979714285714,0.31398966714285714,280.9275642857143,474210.7571428571,-3.447504271428571e-05,0.004496298785714286,1000.0,0.8393475
2012-02-19,9.804899302428572e-05,0.33622420000000003,0.3161166528571429,277.7936142857143,585557.3685714286,-4.0252005e-05,0.0036047955142857143,1000.0,0.87071717
2012-02-26,3.5955120063142855e-06,0.2979421928571429,0.3032302542857143,281.13017,694956.9514285715,-4.3195382999999997e-05,0.0037367017,1000.0,0.8814661
2012-03-11,2.6093882525342856e-05,0.30008975428571427,0.2973879885714286,280.17797,802976.7285714286,-4.267362557142857e-05,0.0030885084,1000.0,0.9132031
2012-03-18,0.0005465280217142857,0.3406363942857143,0.3154733357142857,281.2754142857143,461906.6471428572,-3.9409980142857144e-05,0.0054251982714285715,1000.0,0.92323077
2012-03-25,8.363828841428573e-05,0.36013298285714285,0.34486267571428575,280.69799,785176.6357142858,-6.225536942857143e-05,0.004230656828571429,1000.0,0.97053546
2012-04-01,0.000220888807,0.3542308414285714,0.3410782214285714,281.89480285714285,715111.7128571429,-6.517211685714285e-05,0.004977918957142857,1000.0,1.0412996
2012-04-08,3.3557929601428574e-05,0.3116573742857143,0.3250084457142857,280.74901857142856,1031557.8271428571,-7.133942085714285e-05,0.0032650134571428568,1000.0,1.1193973
2012-04-15,0.00030503935721428566,0.3230500142857143,0.3254264942857143,281.77217285714283,806945.7942857144,-7.061419528571427e-05,0.0043262680285714285,1000.0,1.2065556
2012-04-22,2.038705992857143e-06,0.2940644542857143,0.3347052585714286,288.60735285714287,1071027.8057142857,-8.837763285714285e-05,0.006468835757142856,1000.0,1.2652351
2012-05-06,9.202054142857143e-06,0.23969525285714285,0.2951267528571429,287.2264714285714,1143197.0785714285,-6.7834881e-05,0.004704969985714285,1000.0,1.3004192
2012-05-13,3.8458910652857134e-07,0.21241271142857143,0.2817424585714286,291.77982285714285,1260341.8857142855,-8.032547057142856e-05,0.003649054928571429,1000.0,1.3182418
2012-05-20,1.7017155584142856e-06,0.19038789,0.26915428857142853,291.1567342857143,1240338.4285714286,-7.128101385714285e-05,0.0049876759,1000.0,1.3352368
2012-05-27,2.8064394955714283e-05,0.1859706,0.26062348142857145,288.06555142857144,1182441.0428571429,-6.618241214285715e-05,0.004708998328571429,1000.0,1.342138
2012-06-03,1.4522090907285714e-06,0.1878687942857143,0.25308615142857144,293.29796,1286038.6142857145,-7.456841185714287e-05,0.0055125997,1000.0,1.3540438
2012-06-10,5.51700514e-05,0.20927537285714284,0.25300286857142856,288.7579114285714,1214424.8071428572,-7.584216471428572e-05,0.004466452771428571,1000.0,1.3622135
2012-06-17,3.720883e-07,0.1746663442857143,0.24661746428571427,296.0940642857143,1302196.5857142857,-7.882509e-05,0.0051664233,1000.0,1.3752512
2012-07-01,2.0756990282857143e-07,0.15817879428571427,0.23500207857142857,292.6113357142857,1310937.7428571428,-6.434187871428571e-05,0.005483551142857143,1000.0,1.3816886
2012-07-08,9.004524375142857e-07,0.15175255142857141,0.22947226714285712,296.2024857142857,1294218.5428571429,-6.515468714285715e-05,0.0063131264,1000.0,1.3889287
2012-07-15,3.8516702140000003e-07,0.15080323714285715,0.22937542285714288,298.49308285714284,1280951.0428571429,-7.045528785714286e-05,0.005490511685714286,1000.0,1.3858612
2012-07-22,3.0854315235857146e-06,0.14969730285714286,0.22537299428571428,295.32367000000005,1188801.6357142858,-6.097309814285714e-05,0.006436643671428571,1000.0,1.3827037
2012-07-29,5.431487821428572e-06,0.1579518257142857,0.2251776357142857,296.1127985714285,1229595.5,-6.713574371428571e-05,0.006406978728571429,1000.0,1.3681357
2012-08-05,8.895017328571428e-07,0.1563156757142857,0.22738755714285716,297.9329928571429,1217353.2142857143,-6.915484285714287e-05,0.005451775971428571,1000.0,1.3535559
2012-08-12,6.439347135714286e-07,0.15426496142857143,0.22865873571428572,299.3775742857143,1176543.5142857141,-7.405084314285714e-05,0.005952214414285714,1000.0,1.3337854
2012-08-26,2.319991044285714e-08,0.15499814142857143,0.22698909,296.53961428571426,1104242.5,-6.428359228571428e-05,0.005967179842857143,1000.0,1.3127228
2012-09-02,1.0897056176142857e-06,0.15101019857142856,0.22264167571428573,294.52785857142857,1086922.2857142857,-5.693180214285714e-05,0.005071070557142857,1000.0,1.2857995
2012-09-09,9.544859157142857e-06,0.15337625714285716,0.22172606285714286,295.8503785714286,966273.707142857,-5.7313772285714286e-05,0.006337272942857143,1000.0,1.2545103
2012-09-16,5.4364567985714285e-08,0.14619229714285714,0.21583357428571429,295.7347871428571,970408.66,-4.7615267285714284e-05,0.005879748057142857,1000.0,1.208224
2012-09-23,2.8961082984285713e-07,0.14309826714285714,0.21685058714285715,294.63068285714286,892426.6085714286,-4.378042871428571e-05,0.005779778771428571,1000.0,1.1697907
2012-09-30,7.107723450142857e-07,0.13983912571428572,0.2157523642857143,293.83703,862514.5514285715,-4.1332404428571426e-05,0.005803760985714286,1000.0,1.1326549
2012-10-07,1.4723766614285714e-08,0.13850970285714287,0.21289007142857144,293.15752857142854,798633.7714285714,-3.532481357142857e-05,0.0055205341428571425,1000.0,1.0951295
2012-10-21,1.3625658935857143e-06,0.1570149742857143,0.2047983157142857,290.2989942857143,685617.6485714286,-2.687979057142857e-05,0.006300190371428572,1000.0,1.054389
2012-10-28,0.00014910901219355714,0.23658713,0.22414878714285713,282.88062,504046.9428571428,-3.403910514285714e-05,0.004858724428571429,1000.0,0.9958546
2012-11-04,3.2757822833642854e-05,0.23684855285714287,0.24885263714285716,286.12541571428574,528595.3314285714,-3.123251757142857e-05,0.005771537685714286,1000.0,0.949749
2012-11-11,6.0728750772014285e-05,0.23194349428571429,0.25169254428571425,282.4124171428571,509273.46428571426,-3.1079064714285714e-05,0.0043848208000000005,1000.0,0.9019421
2012-11-18,0.00020734546464914284,0.2726723714285714,0.26746445714285716,281.1858342857143,391346.5085714286,-2.9578945428571426e-05,0.0044702407714285715,1000.0,0.86836904
2012-11-25,5.7138636429571425e-05,0.3127023442857143,0.30776237142857144,281.9209757142857,410965.43,-3.0213824e-05,0.0053054098,1000.0,0.8487247
2012-12-02,0.0006564925078109999,0.34357775571428567,0.3257521114285714,282.84817857142855,213739.99057142856,-3.097806057142858e-05,0.0062183200142857135,1000.0,0.8302394
2012-12-16,7.789077314857144e-05,0.38086254999999997,0.3720449828571429,276.9599942857143,310970.4714285714,-2.665546442857143e-05,0.004092495785714286,1000.0,0.8128983
2012-12-23,0.00041368890159,0.38964839571428567,0.3752613757142857,276.9091257142857,271651.88714285713,-3.241423257142857e-05,0.0037730459428571427,1000.0,0.7734922
2012-12-30,0.00020847679527142857,0.4051181485714285,0.39213604999999996,275.11999000000003,314973.4542857143,-2.5802222857142857e-05,0.003765990114285714,1000.0,0.753947
2013-01-06,3.6583834411428575e-05,0.3763348257142857,0.3739680828571429,273.1737857142857,407025.9885714286,-2.4512870571428574e-05,0.0030694270714285714,1000.0,0.7447002
2013-01-13,3.704616248857143e-05,0.3783061242857143,0.37353673142857147,273.6466828571429,423041.48714285716,-2.5632206e-05,0.0032969696857142856,1000.0,0.7551126
2013-01-20,4.566668138571429e-08,0.35200783714285716,0.3570859985714286,273.79288142857143,508931.9114285714,-2.8088981e-05,0.0028218503285714286,1000.0,0.7815313
2013-01-27,7.529842219355714e-05,0.3537609228571429,0.34778894714285713,279.41265000000004,383081.3185714286,-2.6159495857142857e-05,0.004597309742857143,1000.0,0.81812406
2013-02-03,1.2127967998714285e-06,0.34768512,0.34887897714285715,278.31745714285717,521307.2642857143,-3.159836442857143e-05,0.004156616128571429,1000.0,0.8629241
2013-02-10,3.00553676507e-05,0.3261287842857143,0.3338933157142857,277.45354714285713,553814.9985714286,-3.5342719714285715e-05,0.0038395635,1000.0,0.9165764
2013-02-24,6.155370180858572e-05,0.29159032714285715,0.30470090999999994,277.4193585714286,644775.1185714286,-3.974534357142857e-05,0.003284369328571429,1000.0,0.9764161
2013-03-03,1.4205299368157141e-05,0.2679338328571429,0.29351936714285715,281.28108000000003,712073.6357142858,-4.2407724285714286e-05,0.003702712857142857,1000.0,1.0224513
2013-03-10,0.00010073111726498572,0.2797585814285714,0.2922948357142857,280.25204285714284,684485.6928571428,-4.516920357142857e-05,0.0041841535,1000.0,1.0742824
2013-03-17,5.425785714285714e-10,0.26083069714285717,0.2924633314285714,285.1046042857143,848710.9128571429,-5.4666069e-05,0.004521742471428572,1000.0,1.1253028
2013-03-24,5.564045238571428e-05,0.25008815142857144,0.2892241071428572,283.12543571428574,838734.8128571428,-4.933697857142857e-05,0.0038204072,1000.0,1.1890885
2013-03-31,5.6175813e-05,0.23793603,0.2854547728571429,285.5895428571429,835038.03,-4.861266685714286e-05,0.005105585714285714,1000.0,1.2379544
2013-04-07,5.472742807142858e-05,0.27541249714285715,0.2906033914285714,285.21300428571425,809934.6571428571,-5.8697523e-05,0.005793280385714286,1000.0,1.2756499
2013-04-21,2.4534498542857143e-05,0.22828062142857145,0.2744246257142857,284.27338285714285,1109859.357142857,-5.5668564571428564e-05,0.003235656171428572,1000.0,1.2826104
2013-04-28,1.414307567142857e-08,0.19881115285714285,0.2646961171428571,289.74426285714287,1194316.7714285715,-5.6201155000000004e-05,0.004140158557142857,1000.0,1.2739427
2013-05-05,5.025775533714286e-06,0.18594339285714284,0.2574740485714286,291.4924757142857,1178659.7142857143,-5.9988143857142855e-05,0.003519243685714286,1000.0,1.2715727
2013-05-12,8.598706128571428e-05,0.23863989142857142,0.2609008271428571,289.61573571428573,995043.8071428571,-7.742240314285714e-05,0.0062612822857142855,1000.0,1.2774698
2013-05-19,2.3790724114285715e-05,0.2035794214285714,0.25920957142857143,290.6860114285714,1141018.8857142858,-6.770827242857142e-05,0.0051650917,1000.0,1.2885605
2013-05-26,5.643024757142856e-07,0.1860061257142857,0.25138082285714286,288.48566857142856,1284327.7571428572,-5.816872814285714e-05,0.0035296366428571426,1000.0,1.302894
2013-06-02,1.637441870967143e-05,0.18746082714285714,0.24520106285714285,291.27281714285715,1167278.6585714286,-6.1743596e-05,0.005174934814285714,1000.0,1.3157936
2013-06-16,1.6894001700000002e-05,0.17341752571428573,0.23656098142857143,293.27103285714287,1264186.4428571428,-7.010991042857143e-05,0.005188955728571428,1000.0,1.3298252
2013-06-23,1.4408377821285714e-06,0.16150028142857145,0.2323077514285714,291.9958585714286,1275263.5428571429,-5.7923794428571423e-05,0.004471399985714286,1000.0,1.3414252
2013-06-30,4.353914644285714e-05,0.1840725314285714,0.22965141285714288,296.96376999999995,1050397.32,-6.156514428571429e-05,0.008322262271428571,1000.0,1.3561378
2013-07-07,1.7096317264985713e-05,0.17123577285714284,0.23053036857142858,300.5066228571428,1219077.1142857145,-7.555009771428573e-05,0.007597802714285715,1000.0,1.3655723
2013-07-14,3.238729700285714e-07,0.15758157,0.2267628114285714,297.6915942857143,1287368.4428571428,-6.587431957142858e-05,0.0052102727,1000.0,1.3622783
2013-07-21,7.736761574571427e-07,0.1538467742857143,0.22695671714285712,297.76358714285715,1271817.157142857,-6.626596771428572e-05,0.005748468114285714,1000.0,1.3540797
2013-07-28,1.5973943513142857e-05,0.15428607142857143,0.22167428285714283,299.0737314285715,1102690.5285714285,-5.998218942857143e-05,0.008321974457142858,1000.0,1.3417885
2013-08-11,5.099162998571428e-06,0.14998002571428573,0.21635908285714286,294.1934028571428,1178913.0714285714,-5.183632757142857e-05,0.006069737442857144,1000.0,1.3236057
2013-08-18,6.722375180714286e-07,0.14578853857142857,0.21460483285714285,296.4017271428571,1154607.0285714285,-4.9957473142857145e-05,0.005649967928571428,1000.0,1.3042563
2013-08-25,2.554317915714286e-05,0.15653232142857143,0.21257888428571428,295.96290142857146,1043505.217142857,-5.7666101142857144e-05,0.007332959628571429,1000.0,1.2854649
2013-09-01,2.9398791128857144e-06,0.1527588842857143,0.21100775142857145,295.7373685714286,1039081.9371428572,-4.409430342857143e-05,0.006936676357142858,1000.0,1.2496322
2013-09-08,1.99169058e-05,0.16401664714285716,0.20961129571428572,295.2478757142857,982400.7300000001,-4.821576085714286e-05,0.006982333442857143,1000.0,1.2029773
2013-09-15,2.8230686975714287e-06,0.15421283285714285,0.21529377142857142,295.1520428571429,943339.6314285714,-4.4561836571428575e-05,0.007066012928571429,1000.0,1.14734
2013-09-22,4.925663071057143e-05,0.15991397142857142,0.2138467914285714,290.5541728571429,868810.6457142857,-4.035348614285715e-05,0.0058941000571428575,1000.0,1.100153
2013-10-06,6.481314e-06,0.1696585357142857,0.21134765142857143,287.76234857142856,803875.5014285714,-2.8662699571428572e-05,0.004434385742857143,1000.0,1.0430129
2013-10-13,1.2344930214285713e-05,0.16105210714285714,0.2067804157142857,285.9394357142857,717590.2128571429,-2.3328581428571428e-05,0.004116399614285714,1000.0,0.9928402
2013-10-20,-5.321843285714286e-10,0.15970331142857144,0.2030883557142857,285.95792,731975.9500000001,-2.0127184285714285e-05,0.0034499877714285715,1000.0,0.9383251
2013-10-27,2.660921571428572e-10,0.14955210714285713,0.20439858428571428,286.9322071428572,671060.6085714286,-1.9757786714285718e-05,0.004002578442857143,1000.0,0.8894778
2013-11-03,6.104561775984286e-05,0.2076358857142857,0.20797609142857146,281.6060671428571,537036.5257142857,-2.2802587714285712e-05,0.004409857828571429,1000.0,0.8557913
2013-11-10,5.562351935571428e-07,0.20615464857142857,0.20944516714285716,282.73641285714285,552323.0628571429,-2.237882457142857e-05,0.0031849918571428574,1000.0,0.824013
2013-11-17,2.3614299893999997e-06,0.18484543285714286,0.2060572842857143,282.9549342857143,478617.7642857143,-1.5838182714285714e-05,0.0042012369142857145,1000.0,0.80830795
2013-12-01,4.0899059857142855e-07,0.24426353714285715,0.23098045571428574,279.69908,437126.62142857147,-1.6818804e-05,0.003955310328571429,1000.0,0.7836288
2013-12-08,0.00010324801891428572,0.24744534571428572,0.22867467428571428,273.62879857142855,394434.2357142857,-1.5240157571428571e-05,0.0026234003857142857,1000.0,0.7678909
2013-12-15,6.61793385e-08,0.26615208,0.23466403285714285,272.4432557142857,442755.1471428572,-1.5528931142857142e-05,0.0021593592,1000.0,0.7611223
2013-12-22,8.135843292942855e-06,0.2618452142857143,0.23779751714285716,277.7555357142857,389754.6257142857,-1.4012253142857142e-05,0.0031461267571428575,1000.0,0.76730466
2013-12-29,4.434037857142857e-08,0.25892553142857144,0.2389074,277.8160814285714,419107.0228571429,-1.3937772357142856e-05,0.003121740628571429,1000.0,0.75634885
2014-01-05,2.4292828185714284e-07,0.25910749,0.2446238542857143,278.5673614285714,432111.52142857143,-1.4250011214285715e-05,0.0030982926,1000.0,0.75504714
2014-01-12,1.880077314e-05,0.24712523142857143,0.24394118285714286,279.3366371428571,372595.0142857143,-1.2431037142857143e-05,0.004015580314285714,1000.0,0.75173867
2014-01-19,2.660921571428572e-10,0.24467123285714285,0.2443841342857143,279.44351714285716,497315.45285714284,-1.7369963285714286e-05,0.002842705114285714,1000.0,0.7489485
2014-01-26,7.048102871e-07,0.23812878714285715,0.24501591571428571,280.5603142857143,497015.1685714285,-1.8016920857142856e-05,0.002824355042857143,1000.0,0.74473464
2014-02-02,0.0001449563611,0.2624837428571429,0.2526234042857143,279.8720342857143,404568.21571428573,-1.85837029e-05,0.004277219642857143,1000.0,0.75521296
2014-02-16,8.708421243714285e-05,0.36068288000000004,0.32312651285714283,283.39491428571426,521442.29000000004,-4.079648971428572e-05,0.005625297071428571,1000.0,0.7916644
2014-02-23,2.902362747071428e-06,0.2994092285714286,0.3047643242857143,281.6369342857143,651909.4328571429,-4.045410357142857e-05,0.0040421779,1000.0,0.8518751
2014-03-02,0.0003463668143172286,0.32117522428571427,0.31073131142857147,282.67159142857145,507690.7642857143,-4.9568248571428574e-05,0.005266063228571429,1000.0,0.90493184
2014-03-09,0.00013207506519355715,0.36274872714285716,0.35110436142857143,283.95324142857146,635392.2914285715,-6.154188771428572e-05,0.005659778957142857,1000.0,0.9989697
2014-03-16,2.12403153e-05,0.2838249157142857,0.31267996857142855,284.50989714285714,853919.7528571428,-6.450036814285715e-05,0.0038147793857142855,1000.0,1.074474
2014-03-23,7.207604975142857e-07,0.22174219714285712,0.27850956285714284,284.4035957142857,924063.2871428571,-4.339993185714285e-05,0.0036399343999999998,1000.0,1.1422795
2014-03-30,0.000243745352,0.2552039585714286,0.27856422714285717,283.07788,725283.8771428572,-4.495130857142857e-05,0.004652396514285714,1000.0,1.2130636
2014-04-13,1.0030163805142857e-06,0.26255219428571425,0.2989011128571429,288.5611842857143,1064066.4857142859,-7.194956514285715e-05,0.005152797842857143,1000.0,1.2523319
2014-04-20,6.0967105714285715e-06,0.21753345857142858,0.2792674771428571,288.5671128571429,1111939.0057142857,-5.4543092285714284e-05,0.004721369414285714,1000.0,1.2518454
2014-04-27,0.00011209352409215714,0.2366185242857143,0.2730948642857143,284.21732857142854,902180.5257142857,-5.0714028857142854e-05,0.0041725453571428575,1000.0,1.2370278
2014-05-04,9.800091215714287e-08,0.23201726857142857,0.2715385771428572,289.7049057142857,1199535.5571428572,-6.602207671428572e-05,0.0038426937857142856,1000.0,1.219385
2014-05-11,4.235848500285714e-05,0.21794631714285714,0.25764418285714286,285.8783714285714,1080736.6714285715,-5.063261642857143e-05,0.004594405528571428,1000.0,1.2099345
2014-05-18,3.075360142857143e-07,0.1979817842857143,0.24934412285714286,292.4466857142857,1247401.5,-5.9119697714285714e-05,0.0033048033142857145,1000.0,1.2029314
2014-05-25,5.1334270150000006e-05,0.20801530285714284,0.24132266142857145,289.8617385714286,1128270.0157142857,-6.172651942857143e-05,0.005670892528571428,1000.0,1.2088205
2014-06-08,1.0567601215714285e-07,0.16949212857142856,0.23707834428571428,294.8283457142857,1310379.0857142857,-5.6266219e-05,0.004453273657142857,1000.0,1.215944
2014-06-15,5.236693828571429e-07,0.15870148428571426,0.23387987142857142,295.09439428571426,1292815.5285714285,-5.3088989285714285e-05,0.0045560475,1000.0,1.2321137
2014-06-22,5.116342715685715e-06,0.15525057142857143,0.22728796999999998,292.93521285714286,1308071.4428571428,-4.934804842857143e-05,0.0036955365142857144,1000.0,1.2410069
2014-06-29,5.567220596442856e-06,0.1543942257142857,0.22634532714285713,294.48899857142857,1232546.9428571428,-4.7144190285714284e-05,0.0058811241428571425,1000.0,1.2585194
2014-07-06,9.325837188571428e-08,0.15366062,0.22610496,298.60400857142855,1297410.2714285715,-5.393836042857143e-05,0.005298414514285714,1000.0,1.2582254
2014-07-13,4.369657533999999e-06,0.16215925142857143,0.23086567285714285,298.09305428571423,1196749.2571428572,-6.0594492142857143e-05,0.006566387585714285,1000.0,1.2592086
2014-07-20,3.027313642281428e-05,0.16569676571428568,0.2281789957142857,298.2734557142857,1087972.5342857144,-5.7368564857142854e-05,0.009042681142857143,1000.0,1.2510464
2014-08-03,1.659114969e-05,0.16560694428571426,0.22736920857142856,299.01111,1049811.3,-5.5415063142857144e-05,0.006977039571428571,1000.0,1.2366391
2014-08-10,6.055475821428571e-05,0.2069004,0.23388891857142857,295.62868285714285,994207.3871428572,-7.362131785714286e-05,0.008400421214285714,1000.0,1.2215478
2014-08-17,7.787084533985714e-06,0.17646381714285717,0.23142449999999998,296.00079142857146,1135522.6285714286,-5.618402028571428e-05,0.006638076257142857,1000.0,1.2011453
2014-08-24,5.852517003142857e-07,0.15656972285714285,0.22573919142857143,295.1232885714286,1113186.1,-4.022720257142858e-05,0.0065429929999999996,1000.0,1.1802812
2014-08-31,1.1704604589714286e-06,0.15318263285714284,0.22195305285714287,295.55846142857143,1047785.4057142857,-3.723737428571428e-05,0.006318731128571428,1000.0,1.1575142
2014-09-07,1.6155882044285715e-07,0.1444407285714286,0.21958910714285712,295.8674771428572,1052526.0842857142,-3.262005785714286e-05,0.005622284414285714,1000.0,1.1268243
2014-09-14,7.528564965e-07,0.14336409857142857,0.2196603657142857,295.6247414285714,972508.3585714286,-3.312943814285715e-05,0.005039182814285714,1000.0,1.0923864
2014-09-28,7.493027012498571e-05,0.17475233142857144,0.2132917342857143,290.70888142857143,727323.1028571428,-3.097272128571428e-05,0.007186422685714286,1000.0,1.0544486
2014-10-05,2.7241816445428575e-06,0.2073151185714286,0.21796966857142858,290.59587999999997,833535.8514285714,-4.013903e-05,0.0052643038,1000.0,1.0146633
2014-10-12,3.319915442857143e-09,0.15961063142857143,0.2141815314285714,292.0412714285714,781442.9257142858,-2.481200685714286e-05,0.0047696701,1000.0,0.97233224
2014-10-19,1.129596962212857e-05,0.15877401285714285,0.20953507000000002,289.02906285714283,661952.8485714284,-1.8371989714285716e-05,0.005304205914285714,1000.0,0.9220793
2014-10-26,4.554950142857143e-05,0.1761875914285714,0.2117649542857143,287.2383142857143,589471.5842857143,-2.098181e-05,0.005450427471428571,1000.0,0.88013494
2014-11-02,0.0001707511941519857,0.2332563442857143,0.23549858285714284,284.6574685714286,532329.3842857142,-2.913669185714286e-05,0.0049118291857142855,1000.0,0.8406993
2014-11-09,3.724042961428571e-08,0.29845965714285716,0.27943544,283.8997257142857,560240.3914285714,-4.3652205285714285e-05,0.005252329914285715,1000.0,0.816979
2014-11-23,8.586724919355714e-05,0.27637287,0.27498289857142855,280.9263128571428,349475.2528571429,-2.738851957142857e-05,0.004575524285714286,1000.0,0.79129076
2014-11-30,7.712152083285716e-05,0.28036982714285713,0.28264305,281.78042571428574,404289.0142857143,-2.7692221428571427e-05,0.0041895346,1000.0,0.7982823
2014-12-07,0.0003562410119142857,0.36306461142857144,0.3303301542857143,283.1588857142857,238561.65857142856,-2.9339878428571427e-05,0.006791090728571429,1000.0,0.78519744
2014-12-14,0.0003708533544807143,0.3804785685714286,0.35304146999999997,280.61093,273492.53285714285,-3.015573771428571e-05,0.005421923685714286,1000.0,0.8069941
2014-12-21,0.00020585421599999998,0.41085379571428565,0.3853622642857143,279.84449714285716,231181.49714285714,-2.514788657142857e-05,0.005257320542857143,1000.0,0.84782624
2014-12-28,3.6184084927285715e-05,0.3918798642857143,0.38133289571428575,278.1930757142857,370750.48142857145,-3.0080269857142857e-05,0.004315782928571429,1000.0,0.8740498
2015-01-04,1.0394532798142857e-05,0.3542730957142857,0.35221453857142854,273.9109385714286,423098.64428571425,-2.658490842857143e-05,0.0026858213142857143,1000.0,0.88527006
2015-01-11,6.113980316142857e-07,0.34130363857142854,0.33662158142857146,279.84022428571427,408345.6314285714,-2.4942124714285715e-05,0.004664695742857143,1000.0,0.9138813
2015-01-18,1.9957715741428572e-06,0.3227344128571429,0.32876234571428575,279.79776714285714,412808.45,-2.6075660285714285e-05,0.0048418701,1000.0,0.9545563
2015-01-25,9.652950471428572e-07,0.3068202685714286,0.32343336,279.58757,456806.90142857144,-3.036433614285714e-05,0.004485364942857143,1000.0,1.0227275
2015-02-08,0.0002939241111642857,0.3152241485714286,0.3229214228571428,283.78490714285715,412089.6242857143,-4.330314742857143e-05,0.005616442457142857,1000.0,1.0965325
2015-02-15,0.00012771199380392858,0.38167915142857145,0.3675621357142857,283.26999571428576,599990.7428571429,-5.400901314285714e-05,0.005591952014285715,1000.0,1.1777266
2015-02-22,8.817416801071429e-06,0.32664442714285713,0.34426360714285714,283.04978857142856,648417.1142857142,-5.266206657142857e-05,0.005694710028571429,1000.0,1.2409452
2015-03-01,7.419457162212858e-05,0.3072577728571429,0.3230385,280.0110842857143,666123.4485714285,-5.633207885714286e-05,0.0038923104571428574,1000.0,1.2711083
2015-03-08,2.1822160355742857e-05,0.3086898257142857,0.31807279857142856,280.6159271428572,793621.7285714286,-5.9415420428571426e-05,0.003912552628571429,1000.0,1.2743139
2015-03-15,1.6496985451085713e-05,0.2695226985714286,0.30430038571428575,286.72542285714286,730112.1885714286,-6.306627728571428e-05,0.005164213185714286,1000.0,1.2588019
2015-03-22,5.758800092171429e-06,0.23403548714285716,0.2897866242857143,286.42136857142856,794269.2642857142,-5.9306764428571425e-05,0.004837234271428572,1000.0,1.2485446
2015-04-05,1.1380557194814286e-05,0.20190355142857142,0.26930331714285716,284.92172,996383.78,-5.4022466e-05,0.0033694223142857146,1000.0,1.2368941
2015-04-12,9.522720976428572e-05,0.2512885714285714,0.26510851,282.0125157142857,943084.4357142857,-5.942941042857143e-05,0.003930423757142857,1000.0,1.2323989
2015-04-19,5.416106457142856e-06,0.21925624,0.2648093814285714,286.7008942857143,1138916.4857142859,-6.0335836142857146e-05,0.003208821585714286,1000.0,1.2252243
2015-04-26,0.00011802386428571428,0.22485284857142857,0.2626449242857143,286.54821571428573,992684.6699999999,-6.156272757142857e-05,0.0053346823857142855,1000.0,1.2200551
2015-05-03,4.068877721428572e-06,0.23633223,0.27335303714285714,290.7149642857143,1191751.6142857145,-8.136127228571429e-05,0.004937190942857142,1000.0,1.213932
2015-05-10,3.8621612314285716e-05,0.21886198857142855,0.26219020857142855,286.69989428571427,1115891.2571428572,-6.925829585714285e-05,0.004869263971428571,1000.0,1.2117237
2015-05-17,7.06397146857143e-05,0.23069568142857141,0.25780034142857144,285.5380214285714,999044.7714285714,-6.735351671428572e-05,0.004802056457142857,1000.0,1.2229272
2015-05-31,1.0242637343071429e-05,0.24453113714285712,0.27132647428571427,291.98005,1217989.9000000001,-9.824049485714286e-05,0.006276897014285714,1000.0,1.2396843
2015-06-07,2.4077546328571426e-05,0.2016307857142857,0.25953261857142856,291.60107285714287,1200356.6714285712,-7.499607071428572e-05,0.006411478900000001,1000.0,1.263297
2015-06-14,4.793637835137143e-05,0.21331829714285713,0.25936549571428574,296.4858057142857,1134425.4,-9.272122614285715e-05,0.007707925542857143,1000.0,1.287559
2015-06-21,0.0,0.18762218857142857,0.2535375642857143,296.04256857142855,1338661.3285714288,-8.663271142857143e-05,0.0046367488,1000.0,1.301444
2015-06-28,2.2871952221285713e-06,0.16743015285714286,0.24244002571428572,297.65738571428574,1253955.9857142859,-7.277116571428572e-05,0.005752916557142857,1000.0,1.3153605
2015-07-05,1.7748696757142857e-05,0.17140196857142856,0.23738145285714288,299.43772,1069793.1871428571,-7.434609228571429e-05,0.009049863857142857,1000.0,1.3217189
2015-07-12,8.849419371428572e-05,0.21523652857142858,0.23985107142857146,293.4194714285714,1092812.7428571428,-9.115046971428572e-05,0.008374913357142856,1000.0,1.3164707
2015-07-26,2.5073294849999998e-05,0.1894573842857143,0.2369675557142857,295.6648028571429,1185891.2571428572,-7.558175571428573e-05,0.0072239949857142854,1000.0,1.3005148
2015-08-02,5.389113360571429e-06,0.17060070428571428,0.234619,298.0825571428572,1155695.3714285714,-6.736151585714286e-05,0.0063412202714285704,1000.0,1.272332
2015-08-09,1.8114472347142858e-05,0.1727516042857143,0.23418229,295.1342257142857,1076227.6571428573,-6.525867571428572e-05,0.0071899221,1000.0,1.2451705
2015-08-16,8.293884912857143e-07,0.16499197999999998,0.22938243857142857,296.25888142857144,1169870.5857142857,-5.7691546428571425e-05,0.005916112542857143,1000.0,1.2099957
2015-08-23,8.589371568571428e-08,0.16079113142857143,0.22991125142857144,297.5071328571429,1141194.357142857,-5.896616585714285e-05,0.006169295242857142,1000.0,1.1790613
2015-08-30,2.4952876687142853e-06,0.14968283,0.22340277857142857,297.3375128571429,1048892.92,-4.791951728571428e-05,0.0066152566,1000.0,1.1458325
2015-09-06,8.632750514285715e-09,0.14264124857142857,0.21562849,292.8061828571428,1062922.2142857143,-3.543254914285714e-05,0.005089762814285714,1000.0,1.1136663
2015-09-20,3.628448637787143e-05,0.1768499257142857,0.21966583714285712,291.5172657142857,835773.4714285714,-4.8237159e-05,0.006211829514285714,1000.0,1.0655366
2015-09-27,1.0214058714285714e-09,0.1540736157142857,0.21193352142857141,295.3904885714286,870187.1714285715,-3.5872886857142856e-05,0.0052977628,1000.0,1.0236815
2015-10-04,6.165768077652857e-05,0.1865088542857143,0.21498558142857144,290.9301142857143,654519.5185714286,-4.278778842857143e-05,0.0063877685857142855,1000.0,0.9910868
2015-10-11,1.588401837142857e-06,0.1937718142857143,0.2155717357142857,292.40396714285714,753986.3414285714,-4.199919457142857e-05,0.006917001657142857,1000.0,0.9558397
2015-10-18,5.969401831428571e-05,0.17814576714285715,0.21466775142857145,292.83237142857143,617406.8685714286,-3.6958414e-05,0.007283225785714285,1000.0,0.92127347
2015-10-25,1.293485055742857e-06,0.20557705571428572,0.22453966285714286,287.97169285714284,617657.0528571429,-3.3138276571428574e-05,0.005533377085714286,1000.0,0.8780136
2015-11-01,3.414619383838571e-05,0.19896787142857145,0.22576721714285714,287.4389357142857,523434.32714285713,-3.1259592857142854e-05,0.005263976742857142,1000.0,0.83584803
2015-11-15,0.00016500618316979998,0.33902931714285717,0.2900804842857143,278.07901571428573,457352.2,-3.438647728571429e-05,0.0041522065857142855,1000.0,0.8024704
2015-11-22,1.1500595113585713e-05,0.34510478285714286,0.30270616,279.58842142857145,483255.8442857143,-3.273741357142857e-05,0.004480096685714286,1000.0,0.7657392
2015-11-29,6.183667696714286e-05,0.3260262571428571,0.30095472571428566,275.71973285714284,417855.90714285715,-2.6388909714285715e-05,0.003400222942857143,1000.0,0.72573555
2015-12-06,7.306714782857143e-05,0.31908235142857144,0.29657803428571433,277.47407714285714,367246.6114285714,-2.1814494714285716e-05,0.0034878960714285717,1000.0,0.69747233
2015-12-13,0.00022289178029142855,0.34265145571428574,0.31309642,279.8261942857143,282415.72142857144,-2.015625742857143e-05,0.0049383348285714284,1000.0,0.6864502
2015-12-20,0.00010000879178771427,0.3578206742857143,0.3219606685714286,274.93440571428573,351885.74000000005,-2.2279787285714287e-05,0.003257575242857143,1000.0,0.6773291
2015-12-27,0.0003162878678357143,0.38476839714285715,0.34858366,275.98322,289532.1742857143,-2.2259298571428572e-05,0.003937023814285714,1000.0,0.6885986
2016-01-03,1.4613204870857142e-05,0.35043903,0.33538273,273.33214714285714,374007.93857142853,-1.9404745428571428e-05,0.0028481418857142855,1000.0,0.70002776
2016-01-10,0.00028827867742857146,0.38733204285714284,0.3630260657142857,277.3669157142857,248821.75142857144,-2.4708936e-05,0.004478893371428571,1000.0,0.72515976
2016-01-17,0.00016567696224,0.3821860957142857,0.36885908,278.8089057142857,341804.81,-2.7593867571428572e-05,0.004676616242857143,1000.0,0.7643879
2016-01-31,0.00024165436428614286,0.40096912428571424,0.3919487385714286,279.4255914285714,371625.10285714286,-2.9499178428571428e-05,0.0049980920857142855,1000.0,0.81807077
2016-02-07,1.5198757885714286e-05,0.39392877,0.39270815,276.5237157142857,530170.3128571429,-4.041647557142857e-05,0.0035285435571428573,1000.0,0.88402176
2016-02-14,1.2819544e-09,0.35805002714285716,0.36720439,283.1376457142857,605577.2357142858,-5.118478542857143e-05,0.005107642571428572,1000.0,0.9504123
2016-02-21,0.00013438302357142857,0.3544630414285714,0.3548442785714286,282.34781000000004,577318.8814285714,-5.295460528571429e-05,0.0051477757571428565,1000.0,1.011587
2016-02-28,1.2536087714285715e-06,0.3288839571428572,0.34176004,283.19936285714283,702319.1214285714,-5.730027385714286e-05,0.0047030746,1000.0,1.0770993
2016-03-06,0.0003626710067649857,0.32314965,0.3317218085714285,284.64631,599180.0071428571,-6.131497228571429e-05,0.005796983542857142,1000.0,1.1456139
2016-03-13,0.00041669248928571424,0.4134101242857143,0.39515526,281.2001042857143,459721.72857142857,-5.7210056142857144e-05,0.005359180028571428,1000.0,1.2141521
2016-03-27,9.116284988252858e-05,0.33210307285714286,0.3584687285714286,283.24316285714286,859337.6042857143,-7.589849042857144e-05,0.004902224928571429,1000.0,1.2627432
2016-04-03,3.0013740671428573e-05,0.2931850471428571,0.32576393571428575,283.6705657142857,931582.3785714286,-6.681445885714286e-05,0.0046955525857142865,1000.0,1.3047345
2016-04-10,0.0001323809439142857,0.26754858428571426,0.30276278714285715,287.8313271428571,826552.9557142857,-6.88787362857143e-05,0.005848321728571429,1000.0,1.3050836
2016-04-17,3.426488214285714e-05,0.29747597,0.31281686,285.48981428571426,952208.6714285713,-8.064327828571429e-05,0.0050368048857142855,1000.0,1.306059
2016-04-24,8.552039552557144e-05,0.23814855428571427,0.28931712428571427,287.9329457142857,1016670.3785714286,-5.900699014285714e-05,0.004727633457142858,1000.0,1.2828851
2016-05-01,5.5221044085714285e-05,0.26160794285714284,0.29100792428571426,284.96630142857146,1039295.2714285713,-6.607987242857143e-05,0.004421957028571429,1000.0,1.265801
2016-05-08,0.00014298823412857144,0.27641639,0.2877143285714286,287.63524714285717,782230.7771428572,-6.246028142857143e-05,0.006424108471428572,1000.0,1.2695807
2016-05-22,4.5382698462857145e-05,0.21092065857142855,0.2673698057142857,288.8950785714286,1143600.3,-5.6441835714285715e-05,0.005125934585714286,1000.0,1.2756482
2016-05-29,5.511849028571428e-05,0.22442539714285714,0.2668465928571429,289.20147142857144,1130498.7714285715,-6.0907845142857144e-05,0.0057931828428571435,1000.0,1.2887318
2016-06-05,8.569608671428571e-07,0.1910072657142857,0.2569796971428572,297.0506171428571,1262509.9714285715,-6.370248071428571e-05,0.005285704242857144,1000.0,1.2977735
2016-06-12,6.361720312585714e-06,0.17337577,0.2479155442857143,294.82968571428574,1217803.6857142858,-5.5401040714285716e-05,0.006146955885714285,1000.0,1.3062466
2016-06-19,1.6349667877857144e-05,0.17303635857142857,0.23824671,290.91584857142857,1201567.157142857,-4.497136785714285e-05,0.0054164738857142855,1000.0,1.3134576
2016-06-26,2.660921571428572e-10,0.16555236857142858,0.23691271285714285,297.3243642857143,1333610.642857143,-5.729949885714285e-05,0.0044699579,1000.0,1.3126898
2016-07-03,3.360813214142857e-07,0.1575657942857143,0.23896758714285715,299.24933428571427,1299978.2428571428,-6.478194614285715e-05,0.005754670628571428,1000.0,1.3067642
2016-07-17,-7.982764714285715e-10,0.15010508571428574,0.22676385714285716,296.74208714285714,1303407.5428571429,-5.043912028571429e-05,0.005239477757142856,1000.0,1.2919624
2016-07-24,1.233448e-10,0.14675907142857142,0.22361821714285715,296.7799471428571,1287303.3714285714,-4.634071514285714e-05,0.0049943936,1000.0,1.2732279
2016-07-31,1.5287688086e-06,0.1496177042857143,0.22637534285714286,300.95270714285715,1221728.142857143,-6.1217217e-05,0.006124265757142857,1000.0,1.2491088
2016-08-07,5.7897218542857145e-08,0.15225237142857145,0.2262030957142857,297.0944671428571,1229180.1857142858,-6.026757614285714e-05,0.005993186157142857,1000.0,1.2227341
2016-08-14,3.706407485714286e-07,0.14384621142857143,0.22127827714285714,297.1236471428571,1191844.1,-5.279190814285714e-05,0.005856341528571429,1000.0,1.1958157
2016-08-21,1.4318156114285713e-06,0.14526946714285716,0.22250977857142856,298.52838285714284,1109740.657142857,-5.2871819285714286e-05,0.006762013157142858,1000.0,1.1715136
2016-08-28,6.958257120728572e-06,0.15236265,0.22377538,295.7955514285714,1077506.7214285715,-5.3869031999999996e-05,0.006842372814285715,1000.0,1.1454222
2016-09-11,1.0369556325714285e-07,0.14262834142857142,0.21467491285714285,294.45481,1008733.59,-3.814778828571429e-05,0.005694845485714286,1000.0,1.103457
2016-09-18,4.961057092157143e-06,0.14577033857142857,0.21228964857142857,291.89990714285716,941860.35,-3.5059823285714285e-05,0.005272621885714286,1000.0,1.0589018
2016-09-25,5.892677463585714e-06,0.14015675428571428,0.20534548142857142,292.5402785714286,871455.8628571428,-2.9149034714285715e-05,0.004859230042857142,1000.0,1.021511
2016-10-02,6.7905482793e-06,0.14502127571428572,0.2037019557142857,292.76667571428567,843779.6,-2.7619773714285716e-05,0.004750196385714286,1000.0,0.9839497
2016-10-09,1.1466139858542856e-05,0.17058830285714285,0.20702287428571428,286.77718,727706.1242857144,-3.023861885714286e-05,0.004439533457142856,1000.0,0.94332856
2016-10-16,0.00024473570353185717,0.20054604714285715,0.22003586714285714,288.97529714285713,551647.0714285715,-3.283089357142857e-05,0.006327933571428571,1000.0,0.90547824
2016-10-23,9.495906014285714e-05,0.31009191142857145,0.30061456428571426,286.54880714285713,650081.7385714286,-5.6175099142857135e-05,0.005609344114285714,1000.0,0.8672166
2016-11-06,5.3101911392285716e-05,0.35342915,0.3333214671428571,284.27473142857144,513986.5342857143,-4.7076409714285713e-05,0.0059040175999999995,1000.0,0.8481914
2016-11-13,7.276512339999999e-08,0.2957915014285714,0.3101551957142857,287.18528428571426,513409.81428571424,-4.202567828571428e-05,0.006629556157142857,1000.0,0.84133166
2016-11-20,0.00012764306915574288,0.27717753,0.29787951714285715,282.70699285714284,424423.69428571424,-3.375871814285714e-05,0.004678353014285714,1000.0,0.81373894
2016-11-27,0.00016772041303571427,0.3431048171428572,0.32271767285714287,279.07356571428573,392232.0571428571,-3.3751954e-05,0.004447143728571429,1000.0,0.78376496
2016-12-04,1.7008695882128573e-05,0.33459175142857145,0.3283395114285715,276.8826814285714,383333.2542857143,-2.726871157142857e-05,0.003626924785714286,1000.0,0.7669563
2016-12-11,0.00027564023867571424,0.3422875985714286,0.3323947914285714,279.4178342857143,263811.71857142856,-2.049900442857143e-05,0.005326120557142857,1000.0,0.75569975
2016-12-18,0.00031945241145714284,0.3905274114285714,0.3650885257142857,278.85274571428573,303804.86,-2.8746419857142856e-05,0.004535075614285714,1000.0,0.76220244
2017-01-01,2.695188968285714e-05,0.38024522571428576,0.36645946714285715,275.35610428571425,375052.5457142857,-2.3343250714285717e-05,0.0035164752,1000.0,0.7213080000000001
2017-01-15,0.0007058964684714286,0.43897196571428576,0.43759202571428574,278.4098785714286,311787.04714285716,-3.0341926285714285e-05,0.004865320271428572,1000.0,0.6863207
2017-01-22,0.0005314057042828572,0.4233945728571428,0.4194461028571429,277.3259657142857,293855.9257142857,-3.725057842857143e-05,0.004417664071428571,1000.0,0.6742521
2017-01-29,0.0001135608834822857,0.4108676985714285,0.4158978685714286,275.1332114285714,487119.8257142858,-3.646489571428572e-05,0.003469342357142857,1000.0,0.69779176
2017-02-05,0.00020223185464828572,0.40277868571428577,0.39966146571428574,280.46651142857144,404011.2457142857,-3.656102528571429e-05,0.0051021353142857145,1000.0,0.7496491
2017-02-12,0.0007459698834571428,0.44417066714285713,0.43959123857142857,282.57575285714285,305675.3542857143,-3.327311757142857e-05,0.006525381871428572,1000.0,0.8406581
2017-02-19,0.00025597501561714286,0.42391865714285715,0.4267627014285714,280.8430557142857,429366.57571428566,-4.960101871428572e-05,0.005211371742857143,1000.0,0.9345025
2017-02-26,0.0004311108024285714,0.42718332000000003,0.4322217285714286,277.34108857142854,548121.0071428571,-5.1453727999999995e-05,0.004045692314285715,1000.0,1.0069126
2017-03-12,2.4850602889185712e-05,0.3834011457142857,0.3875900557142857,281.2757957142857,729336.26,-6.170104214285714e-05,0.005088842928571429,1000.0,1.0809648
2017-03-19,4.5574338507e-06,0.3401684,0.3652717442857143,286.4166357142857,818742.7871428571,-8.134548514285715e-05,0.005963291957142856,1000.0,1.1432164
2017-03-26,0.0002799170811,0.3724505228571428,0.36874621714285716,282.70644714285714,554542.6314285714,-6.386254942857143e-05,0.005607891828571429,1000.0,1.1993206
2017-04-02,6.6986014199e-05,0.35122424428571425,0.3628342628571429,283.6590157142857,954977.8914285714,-9.557162400000001e-05,0.004675374242857143,1000.0,1.2414186
2017-04-09,0.0002928448507221286,0.3214409585714285,0.33806508571428573,283.81458857142854,818705.09,-8.301740442857144e-05,0.004752490528571429,1000.0,1.2561511
2017-04-16,0.00011804923464285714,0.33774846428571426,0.33863736285714285,283.01597714285714,861110.6799999999,-7.666694371428571e-05,0.004601908685714286,1000.0,1.2537538
2017-04-23,0.0001470406686485429,0.34211325285714284,0.33614830428571424,285.35445571428573,901250.6842857143,-8.531206857142856e-05,0.00560516,1000.0,1.2455143
2017-05-07,4.6107715003557145e-05,0.22169226285714286,0.28703287857142856,291.07687714285714,1090056.342857143,-6.741915014285714e-05,0.006122504442857142,1000.0,1.2376894
2017-05-14,6.509721635714286e-06,0.21926516999999998,0.27525482142857144,287.67232,1185478.0142857141,-6.1795167e-05,0.0051651609714285715,1000.0,1.229143
2017-05-21,2.475346879e-05,0.2140997,0.2673187985714286,288.55060714285713,1149958.5257142857,-6.194732228571429e-05,0.0047029511999999996,1000.0,1.2378461
2017-05-28,2.7783957885714282e-06,0.19244514999999998,0.26057038285714285,293.02813000000003,1229174.5142857141,-6.604632442857143e-05,0.0060562118857142855,1000.0,1.2502513
2017-06-04,1.556589440212857e-05,0.1891558485714286,0.2527313371428571,293.3185414285714,1152482.0714285714,-6.950908342857143e-05,0.006654971871428572,1000.0,1.2745737
2017-06-11,4.282759047927143e-05,0.17674008571428573,0.24100402571428572,291.3828,1094998.3557142857,-6.093120328571429e-05,0.005562788371428572,1000.0,1.3007506
2017-06-18,2.180711027215714e-05,0.19446689285714286,0.23657480857142857,293.8610685714285,1222990.6485714284,-7.044832214285715e-05,0.006767165942857143,1000.0,1.3247554
2017-07-02,3.773436261571428e-07,0.16445832,0.2350080742857143,296.8069571428572,1313541.2,-6.933726728571429e-05,0.006649810614285714,1000.0,1.3405623
2017-07-09,4.973456649285714e-07,0.15627962,0.23193087142857144,300.20032285714285,1259947.2142857143,-6.931202214285714e-05,0.006379680814285714,1000.0,1.3505505
2017-07-16,1.0413572105571428e-06,0.15226270142857143,0.22917036857142856,299.9945457142857,1257717.642857143,-6.911531657142857e-05,0.006558775142857143,1000.0,1.3491201
2017-07-23,6.563204792714286e-07,0.14987297714285713,0.22591606571428574,298.74850857142854,1280062.7285714285,-6.631877585714287e-05,0.005424072871428571,1000.0,1.3432027
2017-07-30,9.981804538571428e-06,0.15397056571428572,0.22191817142857143,298.90909285714287,1199932.2428571428,-6.598754785714286e-05,0.0069826346999999995,1000.0,1.32983
2017-08-06,1.4066958292857143e-05,0.15488229142857143,0.2244498757142857,300.65054285714285,1056821.4628571428,-6.685510942857142e-05,0.008079927557142857,1000.0,1.3158844
2017-08-13,1.28848450673e-05,0.16015481714285715,0.2245688057142857,297.04676,1146922.142857143,-7.422465071428572e-05,0.007900502985714286,1000.0,1.294191
2017-08-27,8.098490157142858e-06,0.16089942999999998,0.22591426571428572,297.7683628571428,1041432.4942857142,-6.831850228571429e-05,0.007833135228571429,1000.0,1.2724833
2017-09-03,8.324907708299999e-06,0.1554751657142857,0.22691362285714287,300.8457328571429,1023850.5514285715,-7.004028471428572e-05,0.006291681842857143,1000.0,1.2463639
2017-09-10,1.3636477971428571e-05,0.16415346714285714,0.22570803571428572,296.85220571428573,900780.2957142858,-5.978979e-05,0.009087576285714286,1000.0,1.1972946
2017-09-17,1.5580516605714285e-05,0.1707206757142857,0.22658878,293.8358642857143,852270.9299999999,-5.492804657142857e-05,0.008016042557142857,1000.0,1.1409928
2017-09-24,5.7640497720728575e-05,0.18982612999999998,0.22210685285714285,287.6362857142857,833985.76,-4.655968485714285e-05,0.0053446194428571426,1000.0,1.0860813
2017-10-01,5.0581069271428565e-08,0.18334663714285715,0.22351434857142857,290.7927742857143,851649.1785714285,-4.298534314285715e-05,0.004827559785714286,1000.0,1.0337696
2017-10-08,8.168946285714286e-07,0.16500484857142858,0.22095288285714285,287.78600142857147,821235.9657142857,-3.3408421857142856e-05,0.0036062127,1000.0,0.97523314
2017-10-22,5.177382206425715e-05,0.19218856571428572,0.22347203142857142,286.4284657142857,657408.7614285714,-3.6986887714285714e-05,0.004402427142857142,1000.0,0.91975355
2017-10-29,4.337856714285714e-10,0.20233821857142859,0.22793957714285715,289.61486857142853,648619.0214285714,-3.856980814285714e-05,0.005896169842857143,1000.0,0.86885554
2017-11-05,7.186571335800001e-05,0.19614445428571428,0.23270062142857142,284.83137857142856,469225.05,-2.5199134e-05,0.005900574857142857,1000.0,0.8220955
2017-11-12,7.904867303957143e-05,0.2363935257142857,0.2559970957142857,282.7786342857143,442602.39,-2.5780217571428573e-05,0.005368976871428572,1000.0,0.7862524
2017-11-19,0.00036789731289378576,0.3008132085714286,0.29320355571428575,282.55305285714286,402681.27142857143,-3.1171187714285715e-05,0.005410515485714286,1000.0,0.76278055
2017-11-26,3.1344472877142856e-05,0.31961078857142855,0.31647338428571425,286.04177571428573,378119.7214285714,-3.0018638285714284e-05,0.006290372471428571,1000.0,0.7492318
2017-12-03,0.0001311802916968714,0.32921693571428573,0.3212091957142857,279.89906428571425,412455.3128571428,-3.0471838285714285e-05,0.0045983447,1000.0,0.75114495
2017-12-17,3.021067645971429e-06,0.28196255,0.29026263142857145,277.8784671428571,426331.8028571429,-2.093792257142857e-05,0.0030262070714285713,1000.0,0.7465968
2017-12-24,2.7662803651342858e-05,0.28078432571428574,0.2872922557142857,277.1551471428571,368146.86,-1.8546834142857144e-05,0.0029256378714285713,1000.0,0.7351248
2017-12-31,4.691537454285715e-08,0.28314694142857144,0.2841145957142857,279.07485142857144,399324.4514285714,-1.7100406e-05,0.003634505357142857,1000.0,0.7268977
2018-01-07,0.00011846442003485714,0.30275925,0.2874474942857143,281.85346714285714,311263.8528571428,-2.003877457142857e-05,0.005596959871428572,1000.0,0.7276108
2018-01-14,0.0003086378778542857,0.39546945000000006,0.3619673214285714,281.42870285714287,287930.5671428572,-2.987505557142857e-05,0.0057894838,1000.0,0.72728384
2018-01-21,8.327257492342856e-05,0.3675062742857143,0.3609489771428572,279.8169085714286,402971.4,-3.3003270714285714e-05,0.004830186314285715,1000.0,0.7417044
2018-01-28,9.143486557285714e-05,0.3561119185714286,0.3546768742857143,278.0742557142857,435224.8742857143,-3.277972657142857e-05,0.004006321285714286,1000.0,0.7641737
2018-02-04,1.8155247000000002e-09,0.3384402357142857,0.34371616,282.21684142857146,529145.9614285714,-3.904878557142857e-05,0.004732168657142857,1000.0,0.8068776
2018-02-11,2.6890552157142858e-08,0.2936136242857143,0.31981846,283.18615857142856,585373.6914285714,-4.2415178e-05,0.004298411257142857,1000.0,0.8264772
2018-02-18,2.3795705571428572e-05,0.27002458,0.30222500571428573,279.2230142857143,627269.8057142857,-3.272125914285714e-05,0.003164055071428571,1000.0,0.8386173
2018-03-04,0.0004408533228571428,0.33400196142857147,0.3077059842857143,276.23918428571426,552741.8657142858,-4.344676671428571e-05,0.0036252816571428572,1000.0,0.8257675
2018-03-11,2.3709443563571428e-05,0.33975008,0.3285953814285714,280.66299142857144,704190.4785714286,-4.706786414285714e-05,0.004269304457142857,1000.0,0.8479616
2018-03-18,0.0004034944648714286,0.37226515714285713,0.3456145,279.79744,594677.9642857143,-5.0783229e-05,0.004911407671428571,1000.0,0.88888
2018-03-25,0.0005231865406642857,0.4069349842857143,0.38407278,280.52766,625870.9485714285,-6.1573595e-05,0.004867973828571429,1000.0,0.98397505
2018-04-01,9.018653329714285e-07,0.35460666142857145,0.3731473914285714,284.2679485714286,979894.63,-9.381682271428572e-05,0.0046233027,1000.0,1.0916644
2018-04-08,0.0002219492860950286,0.30817603,0.33752509571428574,286.11413857142855,794927.4814285714,-7.7184837e-05,0.0056078421000000005,1000.0,1.2073431
2018-04-15,3.697638570644285e-05,0.3040194657142857,0.33380301714285715,285.21054142857145,1013940.7999999999,-8.493795657142858e-05,0.004641102514285714,1000.0,1.2650298
2018-04-29,1.1046117493928572e-05,0.2336814657142857,0.2959954971428571,288.3988942857143,1090384.7657142857,-5.924683971428572e-05,0.005267400771428571,1000.0,1.2981012
2018-05-06,2.3268391314285715e-05,0.22747111,0.28422704285714284,287.6670242857143,1069920.8914285714,-5.8559821428571436e-05,0.0052815734000000005,1000.0,1.3072735
2018-05-13,7.568574537014285e-06,0.2020152,0.2716412657142857,290.49364285714285,1163778.0571428572,-6.235705414285715e-05,0.0053506965,1000.0,1.3048815
2018-05-20,6.661761157142857e-05,0.23095967142857146,0.26290976714285713,288.5680842857143,1076629.7,-6.869857514285714e-05,0.006510216842857143,1000.0,1.3084118
2018-05-27,0.0001104652622857143,0.2597102328571429,0.2645349542857143,288.53952,959690.0142857142,-7.394436142857143e-05,0.0071275526999999995,1000.0,1.3163562
2018-06-03,4.3738047649857146e-06,0.22443989857142857,0.26271777428571425,292.9997757142857,1254511.9285714286,-8.315127371428571e-05,0.005723557957142857,1000.0,1.3247046
2018-06-10,1.731668257142857e-06,0.17869582142857143,0.25169836285714287,292.79021142857147,1283657.0714285714,-5.788804014285714e-05,0.0050459546285714285,1000.0,1.335257
2018-06-24,3.1765653600285716e-06,0.16881500714285713,0.23756362142857143,296.0799728571428,1298697.5,-6.153187142857142e-05,0.006022236128571429,1000.0,1.3508391
2018-07-01,2.0538988999999998e-09,0.15784521857142858,0.2333651657142857,297.18273571428574,1309424.0857142857,-5.292321214285714e-05,0.006343665314285715,1000.0,1.3598342
2018-07-08,5.658103257142858e-07,0.15468302285714283,0.23156094571428573,297.6971328571429,1261794.7571428572,-5.210425114285714e-05,0.006263226642857144,1000.0,1.3701264
2018-07-15,2.4046207925285713e-06,0.1495100285714286,0.2277281057142857,300.00741285714287,1197829.677142857,-5.274873971428572e-05,0.006772928757142857,1000.0,1.3733282
2018-07-22,1.534315389657143e-05,0.15771439857142858,0.2307892942857143,300.21324142857145,1196669.9857142856,-6.222581485714286e-05,0.0082557114,1000.0,1.367594
2018-07-29,6.953225441957142e-06,0.17004622714285714,0.23382718285714285,300.22983285714287,1207890.5285714285,-7.502691071428572e-05,0.007636522585714285,1000.0,1.3469495
2018-08-05,1.7346492928857141e-06,0.16286318,0.23695237,299.0230071428572,1205511.7428571428,-7.479040414285714e-05,0.006138798314285715,1000.0,1.3069578
2018-08-19,5.5565191927e-06,0.15273897285714286,0.22786320571428573,298.3003428571429,1123200.2,-6.2348958e-05,0.007056232742857142,1000.0,1.2538711
2018-08-26,1.4695494044285712e-07,0.15082488714285716,0.2271733242857143,295.25966285714287,1128806.3142857144,-5.415382342857142e-05,0.006466126485714286,1000.0,1.2077203
2018-09-02,2.6953888642857146e-07,0.14660797857142857,0.22152603714285715,293.98587142857144,1063384.4,-4.391593842857143e-05,0.0069268182142857146,1000.0,1.1635321
2018-09-09,5.445229671142857e-07,0.1476448757142857,0.22341410142857146,296.5115042857143,1012832.12,-5.009986042857143e-05,0.006418579814285714,1000.0,1.1199253
2018-09-16,7.065093714285713e-08,0.13691539,0.21424531142857142,292.29870857142856,976091.6085714286,-3.545665528571428e-05,0.0045566332,1000.0,1.0753212
2018-09-23,1.918080985714286e-09,0.13674978285714287,0.21182144857142857,292.43166857142853,944742.6900000001,-3.409316242857143e-05,0.004816218057142857,1000.0,1.0366325
2018-09-30,7.162133971857142e-07,0.13833925857142856,0.2137696142857143,293.0439485714286,864323.8128571428,-3.402309128571429e-05,0.005263182442857143,1000.0,1.0089298
2018-10-14,3.1781313291428573e-06,0.18670343285714286,0.21022534571428572,287.75395,728052.9400000001,-3.140502342857143e-05,0.005121788357142857,1000.0,0.97222155
2018-10-21,2.660921571428572e-10,0.1685458142857143,0.2092201642857143,287.3541142857143,724392.2114285714,-2.6437949571428573e-05,0.0033486277714285715,1000.0,0.92183274
2018-10-28,2.955293038142857e-07,0.16549889857142858,0.21572125142857143,288.08929857142857,639039.3185714287,-2.4692356142857142e-05,0.005142305371428571,1000.0,0.86146474
2018-11-04,4.5254791070000005e-07,0.1592666042857143,0.21345259714285714,286.38949,574339.2228571428,-2.0492559714285712e-05,0.004465114171428572,1000.0,0.80943877
2018-11-11,7.982764714285715e-10,0.16076368857142856,0.21083315428571428,282.8568071428571,583366.2257142857,-1.9874883428571426e-05,0.0026176407,1000.0,0.76413226
2018-11-18,-2.660921571428572e-10,0.17144129142857142,0.21552258857142856,280.3628685714286,513137.1142857143,-1.9415013714285712e-05,0.0027311427428571428,1000.0,0.7303075
2018-11-25,0.0002479148026714286,0.25663134000000004,0.24694662285714286,281.69244142857144,334207.3857142857,-2.5239529285714287e-05,0.005212990614285714,1000.0,0.6941507
2018-12-09,5.566210664285714e-05,0.3629200157142857,0.35256359857142855,277.49995714285717,333392.92285714287,-2.766509114285714e-05,0.0042633469,1000.0,0.68278766
2018-12-16,1.252712733787143e-05,0.33769874,0.3365716157142857,278.8945685714286,357596.85714285716,-2.8281700714285714e-05,0.004203594171428572,1000.0,0.6862758
2018-12-23,0.00014109981291428572,0.3630784728571429,0.35491885285714286,280.54215285714287,311681.02,-2.804996542857143e-05,0.005153144728571429,1000.0,0.70094025
2018-12-30,0.00011563330637787142,0.36883852,0.3526509,276.91078571428574,377508.63,-2.9879324714285716e-05,0.0037529239142857144,1000.0,0.7238443
2019-01-06,0.00013511745522142856,0.3427383242857143,0.33344232571428567,275.87244142857145,355706.0542857143,-2.7035062142857142e-05,0.0032802471999999997,1000.0,0.7250123
2019-01-13,0.00022893141775814287,0.38792610857142856,0.3663460785714286,279.9224342857143,338023.04714285716,-2.9430218142857146e-05,0.005323730271428572,1000.0,0.7279526
2019-01-20,0.0005382322847142857,0.4059573528571429,0.3888420442857143,280.5207114285714,256252.76714285713,-3.165288628571429e-05,0.005506624357142857,1000.0,0.7395248
2019-01-27,7.668515342490001e-05,0.39007079000000006,0.3815231057142857,278.12618285714285,494071.6457142857,-3.6798871e-05,0.003932630971428572,1000.0,0.7570651
2019-02-03,0.00037742586700714286,0.3929663157142857,0.3781530514285714,281.27129285714284,361945.4942857143,-4.2115519857142854e-05,0.0056775851,1000.0,0.7483122
2019-02-10,0.0004113612513342857,0.41177311857142856,0.40636857428571427,275.03772714285714,462314.2985714286,-4.332738528571428e-05,0.0034436936571428573,1000.0,0.7558804
2019-02-24,3.1004188737142854e-05,0.3947490342857143,0.39793776142857146,274.6563714285714,663989.2957142858,-5.0518151857142854e-05,0.002793455114285714,1000.0,0.79487795
2019-03-03,0.000536627162,0.40930244285714285,0.3989428642857143,281.2555142857143,406809.42,-4.2155447571428574e-05,0.0054119472,1000.0,0.84281754
2019-03-10,0.00032588638785714284,0.4281295157142857,0.4224981685714286,279.6963214285714,511983.22285714286,-5.017841842857143e-05,0.004846725671428571,1000.0,0.93673104
2019-03-17,1.2765587857142856e-05,0.3829451085714286,0.39107312857142856,279.78661999999997,872413.5285714286,-7.906442142857143e-05,0.003600115,1000.0,1.0111414
2019-03-24,0.000165239547382,0.37010748428571427,0.3697628885714286,282.3873385714286,703300.0814285715,-6.846909085714285e-05,0.004913787471428572,1000.0,1.0879565
2019-03-31,0.00016939806155714287,0.36696276857142857,0.37079160857142857,282.4625357142857,820002.2214285714,-7.514755228571428e-05,0.004774328257142857,1000.0,1.1613927
2019-04-07,0.000128098016,0.35549465714285716,0.35903305571428573,284.31872,682518.5685714285,-6.132501457142856e-05,0.0059085941857142865,1000.0,1.2232207
2019-04-21,6.306165624501429e-05,0.28968424857142855,0.3257847057142857,286.30897,966575.6928571428,-8.3151945e-05,0.005694735985714286,1000.0,1.2434584
2019-04-28,3.6581822913142854e-06,0.23401852142857144,0.30094628714285715,291.15767857142856,1145749.7285714285,-8.460713914285715e-05,0.005905631428571429,1000.0,1.2475731
2019-05-05,1.8020650989999998e-05,0.20791654857142858,0.27611247857142857,287.9987628571429,1140894.6914285715,-6.494966514285714e-05,0.0046749173428571435,1000.0,1.2204033
2019-05-12,3.994849485714285e-05,0.20546437857142857,0.26041819857142856,289.43941714285717,1123798.5571428572,-6.342002057142857e-05,0.0062625075,1000.0,1.2122164
2019-05-19,0.0002874308264792714,0.2635877485714286,0.27384010999999997,286.4264228571429,869162.7014285715,-7.404634442857143e-05,0.005657023857142856,1000.0,1.2228373
2019-05-26,0.00018607939057142857,0.32510631142857144,0.32829316714285717,284.88595,895411.1,-9.379129842857143e-05,0.005993156628571429,1000.0,1.2574524
2019-06-02,6.785691728571429e-05,0.30104917285714283,0.30830880714285713,289.41184571428573,1056433.8357142857,-0.00010013672371428572,0.0070917987,1000.0,1.2972525
2019-06-16,9.242525577871428e-06,0.1882789942857143,0.25758344,297.1878542857143,1224073.4428571428,-7.291934857142858e-05,0.0066692302,1000.0,1.3278198
2019-06-23,6.965638451142857e-06,0.1816007542857143,0.24952949142857145,295.7912342857143,1288983.4285714286,-7.070112585714286e-05,0.0067100698571428575,1000.0,1.3493621
2019-06-30,2.0922466274285715e-07,0.16414978428571428,0.24125603714285715,293.7165371428572,1248712.7571428572,-5.6588922571428575e-05,0.005160628857142857,1000.0,1.3617688
2019-07-07,9.93141865842857e-07,0.15405655428571427,0.23313782142857145,295.18603571428577,1280820.9285714286,-5.2863715285714284e-05,0.005599317442857142,1000.0,1.3676032
2019-07-14,1.0063315e-06,0.15385359999999998,0.23028352428571428,296.7373214285714,1270836.2285714285,-5.288542257142857e-05,0.006680677628571429,1000.0,1.3694584
2019-07-21,1.949748754857143e-07,0.15141936571428571,0.2290117942857143,297.3041485714285,1250612.3857142855,-5.094524857142857e-05,0.007199247871428572,1000.0,1.3640869
2019-07-28,1.9593579785714288e-05,0.1607323314285714,0.2273592614285714,299.92094428571426,1157115.157142857,-6.744884771428571e-05,0.007556762785714286,1000.0,1.3501254
2019-08-11,1.823788257142857e-05,0.15519937714285711,0.2230566657142857,296.25536714285715,1105036.5,-5.414215042857143e-05,0.006917864871428572,1000.0,1.3298117
2019-08-18,2.2495321428571427e-07,0.15518256428571428,0.21815308714285714,298.43106714285716,1163427.7857142857,-5.0481442428571426e-05,0.0065914115,1000.0,1.3055241
2019-08-25,1.0638073434285715e-07,0.14649958714285713,0.21608412285714285,297.4476757142857,1105503.057142857,-4.192257871428571e-05,0.007964723128571428,1000.0,1.2795401
2019-09-01,2.1651087661142856e-06,0.1407215657142857,0.21267062714285714,298.62879285714286,1061645.8,-3.9490105571428576e-05,0.0073311155,1000.0,1.2509043
2019-09-08,1.9432509164285715e-05,0.1456357742857143,0.20552183,297.0010071428572,971866.0857142856,-4.066090385714286e-05,0.007419947785714286,1000.0,1.2092566
2019-09-15,2.6170234192714284e-06,0.14422799857142857,0.20180027714285714,293.56496999999996,974790.5,-3.260068771428571e-05,0.0054319455571428575,1000.0,1.162397
2019-09-22,7.417795472571429e-05,0.18985251571428569,0.21220871285714285,289.51710428571425,833612.04,-4.225505985714285e-05,0.006005077871428572,1000.0,1.118606
2019-10-06,1.8696491542857146e-05,0.19474667857142855,0.21470463428571426,285.3373485714286,817863.0114285714,-3.632575642857143e-05,0.0039464347,1000.0,1.0733052
2019-10-13,1.6810927428571429e-09,0.1717616742857143,0.21232397285714286,287.67095714285716,780051.5914285714,-3.0226165e-05,0.003186663042857143,1000.0,1.0202737
2019-10-20,4.563958659271428e-06,0.1661780242857143,0.21079304857142858,286.4829957142857,672966.8785714286,-2.317829842857143e-05,0.004394678185714286,1000.0,0.9593141
2019-10-27,1.8727622128571428e-08,0.16355997714285714,0.20787235142857144,288.30103,672165.1857142857,-2.4178578857142857e-05,0.003993755857142857,1000.0,0.89998436
2019-11-03,0.0,0.16566489285714286,0.20802375285714286,281.7183857142857,641164.3857142858,-2.065813842857143e-05,0.0020419109285714286,1000.0,0.84990966
2019-11-10,-5.321843142857143e-10,0.15900790571428572,0.20474268285714284,285.35827714285716,576840.9571428571,-1.709434614285714e-05,0.0037583126142857145,1000.0,0.81009126
2019-11-17,7.460143428571428e-08,0.14958251857142857,0.19991293428571427,285.2142642857143,484903.9242857142,-1.1844703857142858e-05,0.0048300566,1000.0,0.78225356
2019-12-01,0.00039281220154285714,0.2375618,0.20895313142857144,276.27373857142857,284209.0114285714,-2.850024171428571e-05,0.0034857766,1000.0,0.73714095
2019-12-08,0.000483208481,0.35883024428571425,0.3427608957142857,281.1083157142857,270614.50999999995,-2.9537891428571427e-05,0.005895926585714285,1000.0,0.7015724
2019-12-15,0.00010688580572428572,0.3941332128571428,0.36324862714285716,280.3923614285714,290876.2014285714,-2.4171554285714284e-05,0.0056119372714285715,1000.0,0.6854355
2019-12-22,6.53723260293e-05,0.3631952428571429,0.3469558485714286,278.2266271428572,314006.3528571428,-3.0267147142857144e-05,0.003747541057142857,1000.0,0.6807313
2019-12-29,9.618527534285715e-05,0.38110167428571423,0.3567796114285714,276.37726285714285,327449.7414285714,-2.7247278142857144e-05,0.003959428585714285,1000.0,0.70573825
2020-01-05,2.5386923061428573e-05,0.3674535157142857,0.35569998428571425,279.05949571428573,390121.57857142854,-2.7199513142857143e-05,0.0046528142,1000.0,0.7247862
2020-01-12,4.477047308498571e-05,0.34757710428571426,0.3413764242857143,277.0315042857143,368956.4285714286,-2.6082394714285717e-05,0.003927502628571429,1000.0,0.7522766
2020-01-19,0.00012304734020498573,0.3456117342857143,0.3394614042857143,276.7722414285714,358426.97285714286,-2.6539741e-05,0.0037945398857142858,1000.0,0.78725904
2020-01-26,0.00010133767716914286,0.35616873285714284,0.34488185857142856,280.94070999999997,356192.39,-2.618416942857143e-05,0.005430268957142857,1000.0,0.84159887
2020-02-02,1.573917422142857e-05,0.34229593714285717,0.3374583228571429,280.70091142857143,474698.1857142857,-3.371319885714286e-05,0.005064571800000001,1000.0,0.8925673
2020-02-16,6.469642827142857e-08,0.26922665714285715,0.29424252,280.52677,643246.0142857142,-3.7740419714285714e-05,0.0036546791285714288,1000.0,0.94102854
2020-02-23,7.877440776999998e-06,0.24121494142857142,0.27906864285714283,281.29619428571425,664290.3614285715,-3.692454028571429e-05,0.0035678391857142853,1000.0,0.98537856
2020-03-01,2.7894147857142858e-05,0.22120319428571428,0.26902331142857144,283.2091285714286,708509.7985714285,-3.833857542857143e-05,0.003724303185714286,1000.0,1.0257863
2020-03-08,2.914524287854286e-05,0.22493608714285715,0.2618542457142857,282.64199285714284,718105.4657142857,-3.8724816285714285e-05,0.004033590928571429,1000.0,1.0457758
2020-03-15,0.00023955948414285715,0.25934153285714284,0.26392891285714287,282.77969285714283,656580.3242857142,-4.628302971428572e-05,0.004907124471428571,1000.0,1.0577278
2020-03-22,0.000270428611,0.33499189,0.3260518471428572,278.19365571428574,691273.0700000001,-5.612068814285715e-05,0.004116858028571428,1000.0,1.0836778
2020-03-29,0.00013718642185714286,0.3310481042857143,0.3324351914285714,279.15362714285715,719052.532857143,-5.994325557142857e-05,0.004271364428571429,1000.0,1.1296085
2020-04-12,0.00019759251685714287,0.3506221914285715,0.33940826999999996,282.3233642857143,839127.7328571428,-7.303646942857142e-05,0.005300531099999999,1000.0,1.1938348
2020-04-19,3.891514911828572e-05,0.28421648,0.3166214285714286,285.52681285714283,1006027.0557142858,-8.247798571428572e-05,0.005015771714285714,1000.0,1.2417204
2020-04-26,9.674745415757142e-06,0.24794175571428573,0.30008106571428567,288.48128428571425,1045172.7999999999,-7.44089562857143e-05,0.005666614414285715,1000.0,1.2685145
2020-05-03,2.8744245185714285e-06,0.20889033428571427,0.27919383857142854,290.37521428571426,1145940.5285714285,-6.366404571428572e-05,0.005635249,1000.0,1.2726448
2020-05-10,6.823767484428572e-07,0.19622768714285715,0.2676249942857143,291.11537571428573,1234734.2428571428,-6.729431914285714e-05,0.003985630971428572,1000.0,1.2634077
2020-05-17,6.79852644842857e-05,0.20337631714285714,0.2550060914285714,288.31622428571427,988544.3142857143,-5.0796157714285716e-05,0.0055390625,1000.0,1.2701885
2020-05-24,0.00013980666866358573,0.25901882428571427,0.29229959714285714,287.49078,1126159.342857143,-7.938880300000001e-05,0.0051560487,1000.0,1.2819886
2020-06-07,9.515887577142857e-06,0.20589488285714289,0.2632177257142857,293.43743428571423,1183069.777142857,-7.376351885714286e-05,0.005916760957142857,1000.0,1.2994102
2020-06-14,2.0986055894285713e-05,0.19463944714285714,0.25253327,291.27993142857144,1246768.842857143,-7.1549205e-05,0.004961291114285714,1000.0,1.3106939
2020-06-21,1.4851268571428571e-08,0.18310366714285714,0.24705620714285711,293.8829471428571,1280910.0999999999,-6.912159671428572e-05,0.0054451349,1000.0,1.3204603
2020-06-28,9.909795380285714e-06,0.16994773714285713,0.23962284571428571,298.8960042857143,1247416.1142857145,-6.707912942857143e-05,0.008244982428571428,1000.0,1.328433
2020-07-05,2.224878309957143e-06,0.16092617428571426,0.23483546285714288,294.67506142857144,1308963.857142857,-5.911031214285714e-05,0.005329889614285714,1000.0,1.3265576
2020-07-12,0.0,0.14991133714285715,0.23115088857142857,297.62244714285714,1314793.1714285712,-5.911950842857143e-05,0.0050287012714285715,1000.0,1.3204207
2020-07-19,3.985881802014285e-06,0.14685581285714286,0.22590255,298.68465285714285,1244830.7,-5.157247271428572e-05,0.0071468058,1000.0,1.3096001
2020-08-02,3.6905833428571425e-06,0.15849464857142856,0.22675816714285715,298.5649785714286,1232244.0714285714,-5.815108842857143e-05,0.006574460071428571,1000.0,1.2922901
2020-08-09,1.3715666254428573e-06,0.15280902428571427,0.22389398285714288,296.9308657142857,1185687.5857142857,-4.8954089571428575e-05,0.006993476357142857,1000.0,1.2737329
2020-08-16,1.5056772342857144e-05,0.1536182114285714,0.21975016285714286,300.31758,1064435.2457142859,-4.9414305e-05,0.007514818542857142,1000.0,1.25185
2020-08-23,9.650173341457142e-06,0.17193308714285713,0.22671315857142857,300.0224757142857,1071024.2357142859,-6.978910800000001e-05,0.007602992857142858,1000.0,1.2400429
2020-08-30,8.858378592142857e-06,0.16916432142857143,0.23133514571428573,297.38408857142855,1039492.9557142856,-6.473132671428571e-05,0.008607681942857142,1000.0,1.2030056
2020-09-06,1.2822870342857144e-07,0.15554768714285713,0.22752444285714285,298.3476842857143,1028899.5914285714,-5.2647422428571424e-05,0.007561883528571428,1000.0,1.1515346
2020-09-13,-5.321843285714286e-10,0.16111856285714285,0.23449265428571428,295.7000628571428,1006686.0514285715,-6.155327200000001e-05,0.005815619471428571,1000.0,1.1012067
2020-09-27,1.4878987114285715e-08,0.1448783742857143,0.22202876142857142,293.9080357142857,886806.9214285715,-3.646761528571429e-05,0.0063660699714285715,1000.0,1.0542058
2020-10-04,-7.982764714285715e-10,0.15064028857142858,0.22519749714285714,295.5411571428571,845304.3028571429,-4.3648309e-05,0.005410940728571428,1000.0,1.0179881
2020-10-11,2.5175714163857146e-06,0.15377284714285716,0.22812709,291.5396942857143,726409.6085714286,-3.802182085714286e-05,0.005804570542857143,1000.0,0.95976275
2020-10-18,0.0,0.1468584914285714,0.21992788285714288,292.43179285714285,730070.1342857142,-3.1308050285714285e-05,0.005004519571428571,1000.0,0.9064007
2020-10-25,1.9065295355714288e-07,0.14344224857142857,0.21399129857142857,289.2775371428571,663021.9628571429,-2.3552731571428573e-05,0.005152700142857143,1000.0,0.8511461
2020-11-01,7.372970142857142e-10,0.14207123285714288,0.20934012428571427,285.19925,639348.84,-2.0032781714285714e-05,0.0029599132714285717,1000.0,0.8019297
2020-11-08,6.340246390784286e-05,0.15510655999999998,0.20987856285714288,284.95304285714286,519237.9514285714,-2.3617294571428574e-05,0.0041085675571428575,1000.0,0.7648774
2020-11-22,0.00013469721241952858,0.2798857557142857,0.24796235142857143,281.32991,428354.46428571426,-2.7944617428571427e-05,0.004510334414285715,1000.0,0.7367001
2020-11-29,2.100507336414286e-06,0.2641783228571429,0.2546829714285714,278.67663714285715,468085.68857142853,-2.1741839714285716e-05,0.003562846557142857,1000.0,0.7218562
2020-12-06,2.6609217142857143e-10,0.23953663142857143,0.2464008157142857,278.8794314285714,448059.0,-1.763888742857143e-05,0.0032096109428571425,1000.0,0.70679766
2020-12-13,8.755247381714286e-05,0.23491951714285714,0.24241705714285716,279.3561957142857,362263.7157142857,-1.781694428571429e-05,0.003718837271428572,1000.0,0.6894627
2020-12-20,0.0001015010444302857,0.3030820042857143,0.27121884,276.90315142857145,375767.9371428572,-1.8645818714285713e-05,0.003990995014285714,1000.0,0.67644614
2020-12-27,6.0571985745585716e-05,0.29525085285714286,0.27720087142857147,277.2348985714286,352512.58999999997,-1.8810585428571432e-05,0.0036299580714285714,1000.0,0.6693592
